{"cameraMode":{"drawMode":0,"name":"Shaded","section":"Shading Mode"},"sceneLighting":true,"audioPlay":false,"sceneViewState":{"m_AlwaysRefresh":false,"showFog":true,"showSkybox":true,"showFlares":true,"showImageEffects":true,"showParticleSystems":true,"showVisualEffectGraphs":true,"m_FxEnabled":true},"in2DMode":false,"pivot":{"x":-0.6001091003417969,"y":0.2975006103515625,"z":0.6892194747924805},"rotation":{"x":0.4885067045688629,"y":0.055430468171834949,"z":-0.031115487217903138,"w":0.8702645897865295},"size":22.496780395507814,"orthographic":true}