{"cameraMode":{"drawMode":0,"name":"Shaded","section":"Shading Mode"},"sceneLighting":true,"audioPlay":false,"sceneViewState":{"m_AlwaysRefresh":false,"showFog":true,"showSkybox":true,"showFlares":true,"showImageEffects":true,"showParticleSystems":true,"showVisualEffectGraphs":true,"m_FxEnabled":true},"in2DMode":false,"pivot":{"x":-1.0934605598449708,"y":4.118034362792969,"z":-2.8849849700927736},"rotation":{"x":0.26746463775634768,"y":-0.39373546838760378,"z":0.12088792771100998,"w":0.8711199760437012},"size":26.190204620361329,"orthographic":true}