{"cameraMode":{"drawMode":0,"name":"Shaded","section":"Shading Mode"},"sceneLighting":false,"audioPlay":false,"sceneViewState":{"m_AlwaysRefresh":false,"showFog":true,"showSkybox":false,"showFlares":true,"showImageEffects":true,"showParticleSystems":true,"showVisualEffectGraphs":true,"m_FxEnabled":true},"in2DMode":false,"pivot":{"x":5.960464477539063e-8,"y":0.024499982595443727,"z":-1.1920928955078126e-7},"rotation":{"x":-0.0035990385804325344,"y":-0.03900596871972084,"z":-0.00015921963495202363,"w":0.9992560148239136},"size":1.2792267799377442,"orthographic":true}