{"cameraMode":{"drawMode":0,"name":"Shaded","section":"Shading Mode"},"sceneLighting":false,"audioPlay":false,"sceneViewState":{"m_AlwaysRefresh":false,"showFog":true,"showSkybox":false,"showFlares":true,"showImageEffects":true,"showParticleSystems":true,"showVisualEffectGraphs":true,"m_FxEnabled":true},"in2DMode":false,"pivot":{"x":0.1538715362548828,"y":1.189535140991211,"z":1.5144662857055665},"rotation":{"x":0.012160057201981545,"y":-0.974901020526886,"z":0.21544894576072694,"w":0.05503867194056511},"size":2.2313179969787599,"orthographic":true}