{"cameraMode":{"drawMode":0,"name":"Shaded","section":"Shading Mode"},"sceneLighting":false,"audioPlay":false,"sceneViewState":{"m_AlwaysRefresh":false,"showFog":true,"showSkybox":false,"showFlares":true,"showImageEffects":true,"showParticleSystems":true,"showVisualEffectGraphs":true,"m_FxEnabled":true},"in2DMode":false,"pivot":{"x":-0.009968861937522889,"y":1.0643985271453858,"z":-15.200586318969727},"rotation":{"x":-0.025739381089806558,"y":-0.7102431654930115,"z":-0.02601287141442299,"w":0.7030252814292908},"size":0.2449488639831543,"orthographic":true}