{"cameraMode":{"drawMode":0,"name":"Shaded","section":"Shading Mode"},"sceneLighting":false,"audioPlay":false,"sceneViewState":{"m_AlwaysRefresh":false,"showFog":true,"showSkybox":false,"showFlares":true,"showImageEffects":true,"showParticleSystems":true,"showVisualEffectGraphs":true,"m_FxEnabled":true},"in2DMode":false,"pivot":{"x":3.5184507369995119,"y":-0.20213794708251954,"z":6.2301344871521},"rotation":{"x":0.03704279288649559,"y":0.26219823956489565,"z":-0.010076050646603108,"w":0.9642656445503235},"size":4.532469272613525,"orthographic":false}